,followers,mean_popularity,names,total_tracks
0,26,,This Is:  Johnny Cash,0
1,1684,34.86,This Is: Nina Simone,50
2,30879,63.8,This Is: Future,60
3,13455534,79.6,Today's Top Hits,50
4,5700064,72.42,Rap Caviar,50
5,3887584,60.26923076923077,electroNOW,52
6,2450273,51.486111111111114,Afternoon Acoustic,72
7,2571052,57.8,Peaceful Piano,149
8,1305485,75.2156862745098,TGIF,51
9,8321,45.22727272727273,The Refugee Playlist,22
10,293941,52.42857142857143,This Is: AC/DC,35
11,162934,60.94444444444444,This Is: Adele,18
12,3952,36.92307692307692,This Is: Al Green,26
13,1488,27.523809523809526,This Is: Aqua,21
14,7499,34.46875,This is: Aretha Franklin,32
15,4576,30.576923076923077,This is: Bee Gees,52
16,78645,36.68333333333333,This Is: blink-182,60
17,238,13.44,This is: Bronzeville,25
18,539005,67.28125,This Is: Bruno Mars,32
19,376,14.38,This is: Carole King,50
20,67,29.766666666666666,This Is: Dispatch,30
21,107584,49.0,This Is: George Michael,40
22,2631,30.18,This is: Gillian Welch,50
23,9126,59.833333333333336,This Is: James Arthur,18
24,15658,38.490566037735846,This is: Jamiroquai,53
25,44741,56.6,This Is: John Mayer,50
26,27445,50.27777777777778,This Is: John Legend,36
27,413707,57.08888888888889,This is: Justin Bieber,45
28,90836,48.075,This Is: Lady Gaga,40
29,18900,50.6,This Is: LANY,15
30,22624,39.32608695652174,This Is:  Miranda Lambert,92
31,25986,48.68571428571428,This Is: Muse,35
32,23869,37.6,This is: Neil Young,50
33,23649,41.78260869565217,This Is: New Edition,46
34,66139,57.26,This Is: One Direction,50
35,41476,47.4,This Is: OneRepublic,30
36,976,18.22,This is: Raffi,50
37,263231,52.1044776119403,This Is: Prince,67
38,12616,56.074074074074076,This Is: Rag'n'Bone Man,27
39,2858,21.903846153846153,This Is: Soundgarden,52
40,1682,20.023255813953487,This Is: Status Quo,43
41,1883,39.16,This is: Stevie Wonder,50
42,6752,33.98148148148148,This is: The Beach Boys,54
43,121441,44.72,This is: The Rolling Stones,50
44,710706,69.85365853658537,This Is: The Weeknd,41
45,26163,51.0,This Is:  Thomas Rhett,32
46,6862,55.074074074074076,This Is: Trey Songz,27
47,52888,42.693333333333335,This Is: Bob Dylan,75
48,13568,43.66,This Is: Bonobo,50
49,58191,50.24444444444445,This Is: Britney Spears,45
50,19403,38.827586206896555,This is: Bruce Springsteen,58
51,17552,30.055555555555557,This is: Cher,36
52,3065,22.36,This is: Chuck Berry,50
53,80199,54.53846153846154,This Is: Daft Punk,26
54,97050,44.733333333333334,This is: Eagles,45
55,46022,42.333333333333336,"This Is: Earth, Wind & Fire",24
56,35675,36.42857142857143,This is: Elton John,42
57,8394,41.0,This is: Emeli Sandé,22
58,34128,51.2,This is: Gorillaz,20
59,758748,65.46,This Is: Drake,50
60,28892,19.705882352941178,This is: Jerry Garcia,51
61,8671,32.22,This is: Joni Mitchell,50
62,123756,56.205882352941174,This Is: Little Mix,34
63,5391,31.235294117647058,This Is: London Grammar,17
64,26906,28.04,This is: Lou Reed,50
65,9185,49.611111111111114,This Is: Max Martin,36
66,7851,40.608695652173914,This is: Maxwell,23
67,152,18.666666666666668,This is: Margo Price,21
68,3839,31.963636363636365,This Is: Nick Cave,55
69,18236,52.9375,This is: Nickelback,32
70,76030,51.49090909090909,This Is: Radiohead,55
71,17036,31.34,This Is: R.E.M.,50
72,282277,63.02857142857143,This is: Rihanna,35
73,8112,31.42,This is: Roxette,50
74,10011,46.80555555555556,This Is: Sampha,36
75,11386,40.46666666666667,This Is: Skepta,30
76,26824,38.18604651162791,This is: Spice Girls,43
77,28923,36.02,This is: Sting,50
78,7582,45.61290322580645,This Is: Stormzy,31
79,6086,28.976744186046513,This is: Tina Turner,43
80,25290,33.45614035087719,This is: Tony Bennett,57
81,6346,31.057142857142857,This Is: Trentemøller,35
82,46073,40.4,This Is: U2,80
83,18801,29.25,This is: Van Morrison,48
84,33310,43.588235294117645,This is: Volbeat,34
85,2843,29.94871794871795,This is: Wiley,39
86,3899,12.766666666666667,This Is: The Fall,60
87,6609,15.766666666666667,Best of John Peel Sessions,60
88,55736,57.0,This Is: The xx,35
89,454,20.869565217391305,This Is: David Axelrod,23
90,2291806,56.72727272727273,Rock This,55
91,215798,46.72,New Noise,144
92,605717,50.345238095238095,Digging Now,84
93,704055,63.74,Rock Solid,50
94,37733,55.83,Best of 2016 Rock This,119
95,262142,35.64,MTV: 50 Greatest Indie Anthems of All Time,50
96,52022,61.63,Rock Party,107
97,2052291,54.81,Rock Classics,121
98,134451,40.7,You & Me,123
99,11270,38.0,This Is: Beastie Boys,33
100,88526,42.19,It's ALT Good!,108
101,268195,41.91860465116279,The Scene,86
102,305711,38.12,Rock Hard,113
103,4177,25.52,Big In Japan,50
104,1145,36.60526315789474,This Is: Ryan Adams,38
105,10384,33.02857142857143,This Is: The Black Keys,70
106,2706,37.529411764705884,This Is: Tom Petty,51
107,70355,39.51851851851852,This Is: Nirvana,54
108,9411,33.23529411764706,This Is: Ramones,34
109,51905,49.734375,This Is: Green Day,64
110,166951,48.298507462686565,This Is: Metallica,67
111,1136,26.075757575757574,This Is: Jane's Addiction,66
112,37457,17.023255813953487,This Is: Oasis,43
113,7639,14.584615384615384,This Is: Kiss,65
114,170794,39.44,Rock Save The Queen,103
115,137508,37.04,Dirty Rock,113
116,189434,45.705882352941174,One More Rep,85
117,317020,51.74,90s Rock Renaissance,158
118,394117,51.82,Soak Up The Sun,112
119,109191,46.27,License To Chill,163
120,218101,44.14,Rockin' Vibes,146
121,73500,44.984848484848484,Rock Ballads,66
122,185383,43.63,Totally Alternative,110
123,232884,48.71,Nu Metal,135
124,28506,42.78048780487805,Alternative Beats,82
125,11705,40.2,Take Note of These Covers,132
126,69017,29.52,Epic Wall of Sound,50
127,238741,49.037974683544306,Rock Me UP!,79
128,28400,34.92156862745098,All Things Post,51
129,190572,44.53,Emo Forever,100
130,20401,25.76,NYHC,50
131,90780,54.95,Rock Gaming,188
132,3432549,63.11764705882353,Hot Country,51
133,350444,53.98039215686274,New Boots,51
134,555365,51.80392156862745,Wild Country,51
135,672804,58.27450980392157,Country Gold,51
136,165516,40.94117647058823,Texas Red Dirt,51
137,201877,45.018181818181816,Country Coffeehouse,55
138,32376,32.96078431372549,Canadian Country,51
139,313379,53.888888888888886,Country Kind of Love,54
140,200124,50.3921568627451,Country Nights,51
141,603730,54.47826086956522,Chillin' on a Dirt Road,69
142,10771,16.833333333333332,This Is: Merle Haggard,72
143,187428,47.6,Country Icon,50
144,110630,34.870370370370374,New Traditions-Country Heroes,54
145,100751,37.68627450980392,It's a Southern Thing,51
146,75086,32.9,Field Party,50
147,1108,17.96,Classic Honky Tonk,50
148,72187,25.90566037735849,Alt-Country,53
149,893233,65.38,Signed XOXO,50
150,1080623,56.18333333333333,Most Necessary,60
151,1160734,45.65,Gold School,40
152,2291266,65.6375,Get Turnt,80
153,873614,59.87692307692308,"Love, Sex & Water",65
154,107644,43.733333333333334,African Heat,60
155,290198,57.98,Get Your Mind Right,50
156,275924,46.53333333333333,Dancehall Official,75
157,317869,53.68,Cali Fire,50
158,1612029,63.95918367346939,Power Workout,49
159,244873,52.5875,The Realest Down South,80
160,134067,48.31666666666667,State of Mind,60
161,298712,52.08,Genre Bender,50
162,923499,59.416666666666664,Workout Twerkout,60
163,193811,55.74,We Everywhere,50
164,219915,46.146341463414636,Black History Salute,41
165,52290,56.78,Behind The Lyrics: Hip Hop,50
166,2789952,60.94,Are & Be,50
167,349369,51.78846153846154,The Newness,52
168,939756,62.34,Channel X,50
169,542817,55.86,Gold Edition,50
170,557658,50.26,Alternative R&B,50
171,808615,54.06,Chilled R&B,50
172,558613,46.55555555555556,The Sweet Suite,45
173,74328,37.2,Soul Revived,50
174,271896,46.5,Soul Lounge,50
175,389030,48.66,90's Baby Makers,50
176,95707,42.22,Wine & Dine,50
177,255681,42.7,Spread The Gospel,50
178,299855,38.62,Funk Outta Here,50
179,923947,51.38,I Love My 90's R&B,50
180,112462,44.54,80's Jam Session,50
181,382779,56.68,I Love My '00's R&B,50
182,19463,35.225806451612904,Queen,31
183,1015686,63.32,Soft Pop Hits,200
184,1501381,48.9,Fresh Electronic,60
185,1276989,60.0,dancePOP,70
186,733062,51.721518987341774,Dance Hits,79
187,141768,34.53703703703704,Friday Cratediggers,54
188,100003,36.65217391304348,Acoustic EDM,92
189,122719,43.26,Bass Face,50
190,1518163,52.52439024390244,Brain Food,82
191,0,30.6,Brand Nu Disco,107
192,875582,47.4,Chill Tracks,312
193,899979,46.6,chill.out.brain,143
194,903681,52.42857142857143,Dance Party,77
195,201367,28.0,Dark Dance Floors,223
196,721224,44.76923076923077,Deep House Relax,91
197,37899,39.88,Deep Mode,108
198,153676,29.55,Drum & Breaks,147
199,631962,43.27,Dubstep Dangles Dirty,192
200,1010855,41.25,Electro Workout,304
201,377875,35.53,Funkst,133
202,371945,38.77,Shuffle Syndrome,331
203,49831,30.276923076923076,Goosebumps,65
204,172271,33.79761904761905,Hardstyle Baby,84
205,379400,40.03225806451613,Hot House,93
206,651499,51.75,Hype,135
207,414022,43.05797101449275,Indie Electronics,69
208,228035,44.13,indietronic,111
209,23316,34.9,Nasty Bits,122
210,477275,35.35,Night Rider,207
211,29467,35.19512195121951,Orgánica,82
212,191316,40.95,Rage Radio,335
213,30874,35.14,Remixed,192
214,285935,36.2,Trance Life,223
215,328460,41.42,Trapaholics,153
216,293476,47.46511627906977,Tropical Morning,86
217,352910,47.68235294117647,Vacation Haus,85
218,132116,42.38,Warm Hearts Feel Good,300
219,394824,48.08,Workout Remix,204
220,106090,41.65,Bass Gaming,212
221,64494,42.0,Electronic Gaming,209
222,25029,28.0,Haitian Heat,35
223,16842,25.06,How EDM Changed The World,150
224,9571,52.675,Rave Bunny,40
225,11129,22.314285714285713,Soul BPM,70
226,9201,23.02,This Is: David Mancuso,211
227,24443,41.02325581395349,This Is: deadmau5,43
228,62676,50.30555555555556,This Is: Martin Garrix,36
229,402328,52.64,UK House Music,50
230,61026,49.93939393939394,Flume House Party,33
231,148544,47.25,Hardwell's House Party,44
232,155964,52.4,Martin Garrix House Party,30
233,90555,42.1063829787234,Sam Feldt's House Party,47
234,264460,42.27272727272727,Mysteryland Guest List,77
235,100958,23.24,elrow Guest List,25
236,29864,42.857142857142854,ADE Songwriters Guest List,42
237,17387,21.29,Eric Prydz Guest List,159
238,8005,24.41176470588235,This is: John Prine,51
239,192,24.9811320754717,Nicholas Sparks | Songs from the Soundtracks,53
240,44884,43.45238095238095,Pulse,42
241,215005,61.75,Loud and Proud,56
242,142898,48.13725490196079,Pride Classics,51
243,27617,35.529411764705884,Alternative Pride,51
244,52581,25.28205128205128,Alan Cumming's Showstoppers,39
245,5632,30.275,"Work It, Own It",40
246,7061,22.0,Fierce,39
247,6928,26.98,Queer As Folk,50
248,25701,36.674418604651166,In Electric Dreams,43
249,8253,31.037037037037038,Tegan & Sara #PressPlayForPride,27
250,8396,51.05,Kelly Osbourne #PressPlayForPride,20
251,4945,29.5,Perfume Genius #PressPlayForPride,24
252,11312,36.19230769230769,Adam Lambert #PressPlayForPride,26
253,75521,49.142857142857146,Troye Sivan #PressPlayForPride,21
254,849,25.066666666666666,Perez Hilton #PressPlayForPride,30
255,1378,32.208333333333336,Rufus Wainwright #PressPlayForPride,24
256,1177,38.78260869565217,Kathy Griffin #PressPlayForPride,23
257,897,34.2,Brandi Carlile #PressPlayForPride,20
258,1670,30.61111111111111,Dita Von Teese #PressPlayForPride,18
259,1104,27.263157894736842,Betty Who #PressPlayForPride,19
260,10108,43.61538461538461,Little Mix #PressPlayForPride,26
261,14683,37.43478260869565,MNEK #PressPlayForPride,23
262,16003,38.76923076923077,Years & Years #PressPlayForPride,26
263,1668,33.03846153846154,Shura #PressPlayForPride,26
264,4455,31.666666666666668,Conchita #PressPlayForPride,30
265,115170,47.74,All You Need Is Love,50
266,73579,47.9,Twist and Shout,50
267,199972,44.29,The Beatles Box Set,226
268,65079,23.613636363636363,This Is: George Harrison,44
269,36544,28.846153846153847,This Is: Paul McCartney,52
270,12101,20.457142857142856,This Is: Ringo Starr,35
271,4564,30.19298245614035,This is: Sir George Martin,57
272,17651,24.72,This Is: Tchaikovsky,50
273,989,7.3,This Is: Richard Strauss,50
274,1334,8.18,This Is: Bartók,50
275,2074,11.56,This Is: Prokofiev,50
276,16759,32.22,This Is: John Williams,50
277,7197,18.86,This Is: Pavarotti,50
278,5437,18.9,This Is: Brahms,50
279,4088,14.26,This Is: Wagner,50
280,5655,21.04,This is: Erik Satie,50
281,2200,13.56,This Is: Ravel,50
282,10979,24.7125,This Is: Philip Glass,80
283,17523,30.78,This Is: Vivaldi,50
284,5033,18.2,This Is: Liszt,50
285,11329,24.12,This Is: Debussy,50
286,6614,21.48,This Is: Schubert,50
287,2547,15.38,This Is: Glenn Gould,50
288,9723,23.68,This Is: London Symphony Orchestra,50
289,16363,16.44,This Is: Haydn,50
290,81686,31.72,This Is: Beethoven,50
291,139086,34.86,This Is: Mozart,50
292,26841,24.28,This Is: Handel,50
293,146812,33.22,This Is: JS Bach,50
294,1612,13.1,This Is: Verdi,50
295,1301,13.08,This Is: Puccini,50
296,1059,12.98,This Is: Rossini,50
297,6902,22.02,This Is: Astor Piazzolla,50
298,1182,15.54,This Is: Heitor Villa-Lobos,50
299,5368,17.82,Piano Transcriptions 50: Spotify Picks,50
300,159169,32.9,Classical New Releases: Spotify Picks,50
301,3863,23.9,Symphony of the Winds,50
302,14340,10.22,All About That Brass,50
303,21440,35.46,Winter Classical,50
304,78840,21.99,Violin 100: Spotify Picks,100
305,2178,23.0,Viola 50: Spotify Picks,50
306,2189,7.375,Classical Halloween,24
307,2290,20.55263157894737,Women Who Score,38
308,99609,12.3,Composer Weekly: Joaquín Rodrigo,30
309,151113,32.96,Top Classical,50
310,22278,30.86,Classical X,50
311,14083,24.28,Early Classical,50
312,5308,13.521739130434783,Top Latin Classical,46
313,27980,16.82,Orchestra 100: Spotify Picks,100
314,62979,30.706666666666667,Space-themed Classical Music,75
315,88677,18.82,Opera 100: Spotify Picks,100
316,66362,26.17,Piano 100: Spotify Picks,100
317,153554,38.52,Gentle Classical: From Dusk Till Dawn,100
318,149480,29.68,Cello 50: Spotify Picks,50
319,73373,40.58,Songs To Test Headphones With,150
320,2846,22.98,This Is: Schumann,50
321,157701,29.59,Classical Romance,100
322,85859,27.24,Baroque 50: Spotify Picks,50
323,50938,12.04,This Is: John Coltrane,279
324,5608,46.92537313432836,1960s Nostalgia,67
325,62,27.295454545454547,Breakup Blues,44
326,410,26.42105263157895,I Hate My Job.,38
327,5089,27.142857142857142,Instrumental Rock,42
328,73,7.7555555555555555,Avant Folk,45
329,72414,16.49,This Is: Miles Davis,136
330,9892,22.40740740740741,Office Offensive,27
331,3530,1.2820512820512822,Old School Laughs,39
332,7382,21.23076923076923,Unsolicited Advice,26
333,74,51.92857142857143,The Perfect Crafternoon,70
334,105001,32.71111111111111,Jazz – Classical Crossings,45
335,72101,31.01,Comedy New Releases,217
336,237634,42.45,Comedy Top Tracks,102
337,7796,17.55,20 Questions,20
338,3172,19.873417721518987,Around the World in 80 Laughs,79
339,6502,21.2,Back to School,40
340,34786,4.114942528735632,British Humour,87
341,6562,19.70175438596491,[Family],57
342,2530,26.0,Food Fight,88
343,6378,12.411764705882353,The Funny Thing About Football Is...,34
344,25657,20.64,Ladies' Night,146
345,8135,20.424657534246574,The Interwebs,73
346,14596,1.2,A Monty Python Emporium,436
347,4759,17.835616438356166,Music Jokes,73
348,379156,40.64179104477612,Melancholia,67
349,3625,49.59090909090909,Energy + Positivity,22
350,107357,40.15555555555556,Bollywood Party,45
351,305,36.6,I just don't know what to do with myself...,30
352,69484,24.354166666666668,The Writer's Playlist,96
353,506258,41.97402597402598,Boho + Chill,77
354,611,29.34426229508197,Ethereal Romance,61
355,1950,25.43010752688172,Namaste,93
356,110083,39.24324324324324,Chill Singer Songwriter,37
357,720,31.142857142857142,Rustic Romance Wedding,63
358,0,13.39655172413793,Word of Mouth,58
359,106624,33.98,Folksy Covers,110
360,263,41.4,Vinyasa Flow,20
361,98954,23.818181818181817,Meet the Songwriters,33
362,13250,41.857142857142854,Seize the Day!,63
363,2085,50.64912280701754,Acoustic Commute,57
364,560170,41.17,Folk Pop,184
365,1656,45.52,Cocktails & Dreams,106
366,272387,35.037974683544306,Femme Fatale,79
367,341756,42.8,Atmospheric Acoustic,104
368,490048,33.58,Zen Focus,161
369,242901,36.0625,Wild & Free Workout,64
370,639,45.32,Summertime Vibes,157
371,335199,46.63414634146341,Acoustic Covers | The Mash Ups,41
372,183518,38.4468085106383,Dinnertime Acoustics,47
373,77,18.945945945945947,More Banjo!,37
374,77233,37.54545454545455,Stomp & Holler,66
375,202733,31.06,Torch & Twang,125
376,67915,22.397260273972602,Trad Folk,73
377,77572,30.75294117647059,Bluegrass Covers,85
378,71,13.97872340425532,Bluegrass Gals,47
379,89,26.910714285714285,Chill as Folk,56
380,144486,30.171717171717173,Deep Dark Indie Folk,99
381,153748,33.09230769230769,Indie Bluegrass,65
382,127878,36.28,Fresh Folk | 2017,75
383,12,17.555555555555557,The New Bohemian,81
384,98918,17.953125,Trad Folk – Jigs & Reels,64
385,83087,28.16,My Folksy Love,122
386,262,8.326923076923077,SongCraft,52
387,35,26.82758620689655,Sweetgrass,29
388,136789,32.02,The New Retro,179
389,273328,35.42,Chill Covers,117
390,309444,41.48780487804878,The Piano Bar,41
391,143483,43.91,Trending on TV,101
392,317866,44.38,Cinematic Chill-Out,50
393,882022,57.791666666666664,Throwback Dance Party,72
394,351457,24.81,Epic Classical,100
395,673867,47.18,Classic Acoustic,124
396,76567,41.23255813953488,Diner Jukebox,43
397,178926,46.98,The Nu-Modern,106
398,207248,32.7,Southern Gothic,123
399,117846,41.421052631578945,Indie Brunch,57
400,473504,40.46478873239437,The Pulse of Americana,71
401,1142974,42.33,Evening Chill,255
402,1417437,41.8,Intense Studying,100
403,1469465,55.935483870967744,Infinite Acoustic,93
404,953898,50.541666666666664,Acoustic Love,96
405,1207384,41.98,Evening Acoustic,108
406,1204897,59.68888888888889,#ThrowbackThursday,45
407,1023115,47.25974025974026,Happy Folk,77
408,1612703,65.85,Dance Workout,60
409,1049863,39.7319587628866,Winter Acoustics,97
410,228,34.638888888888886,Sweet Winter Songs,36
411,513663,39.9,Classical Essentials,50
412,512964,35.62,Infinite Indie Folk,368
413,53473,45.41304347826087,HIIT,46
414,573209,41.05,Deep Dark Indie,162
415,390963,36.52,Lush + Atmospheric,103
416,104704,32.52,Night Rush,75
417,323166,37.63157894736842,Creativity Boost,57
418,512044,55.80327868852459,Bring Back the 90s,61
419,932063,52.30232558139535,Morning Acoustic,43
420,1976489,54.65,Acoustic Covers,137
421,147901,33.24657534246575,Café Europa,73
422,1270,32.528301886792455,Disco Beats,53
423,5775,19.896551724137932,A Poem a Day,29
424,307,24.818181818181817,Rock & Roots,55
425,557,45.03846153846154,Interstate Drive Songs,26
426,212,11.692307692307692,Low Key Revelry,26
427,77355,74.0,Top Tracks of 2016 - USA,100
428,4216,75.35,Top Male Artists of 2016 - USA,20
429,7888,73.6,Top Female Artists of 2016 - USA,20
430,5962,75.24,Top Artists of 2016 - USA,25
431,24759,48.80434782608695,Top Trends of 2016: Covers,46
432,5498,61.94444444444444,Breakup Songs 2016,18
433,955,43.755319148936174,Best of 2016: Folk & Americana,94
434,11706,62.2,Best of 2016:  Hot Country,50
435,1994,34.8421052631579,Guest List: Orb,38
436,1378,61.45,Fangirls Run The World,20
437,2419,65.88235294117646,Global Citizen Festival 2016,17
438,24802,38.6875,Black Lives Matter,48
439,144861,64.0,Catch 'Em All,54
440,50882,22.862745098039216,We Shall Overcome,51
441,826,45.411764705882355,Artists Den + Spotify,17
442,4,25.97,Women in Music | Stories & Songs,142
443,2363,54.13636363636363,0110,22
444,921,26.357142857142858,#ThankATeacher,56
445,211,38.166666666666664,BRILLIANTMINDS2016,18
446,34950,59.527272727272724,Friends Rewind,55
447,177929,27.982142857142858,Chill Party,56
448,4686,56.666666666666664,Movember,30
449,41939,30.375,Irish Folk - Ballads,32
450,41083,64.0925925925926,4th of July Party,54
451,755,17.764705882352942,Incoming,17
452,320,37.13513513513514,90's Boy Bands,37
453,1797166,69.08602150537635,Chill Hits,93
454,371461,56.66,Soft Rock,119
455,1101637,45.46,One Love,113
456,69249,32.96774193548387,Late Night Focus,31
457,178,46.833333333333336,Lose Yourself To Dance,24
458,112,43.46153846153846,You're Not Dead Weekend Workout,13
459,947133,55.83116883116883,All Out 00s,77
460,1119681,56.3875,All Out 90s,80
461,1143884,56.17567567567568,All Out 80s,74
462,797714,54.25,All Out 70s,76
463,519155,51.85,All Out 60s,80
464,318140,36.4375,All Out 50s,80
465,177333,34.71,Blues & Roots Rock,115
466,10272,58.26923076923077,We Run The World-Cup!,26
467,0,32.9811320754717,AMY,53
468,3875,51.02564102564103,Follow Your Bliss,78
469,679,38.98,Covers | The Ballads,50
470,14945,34.5,Mellow Workflow,54
471,145973,46.15,Never Ending '80s,60
472,25557,20.958333333333332,Taste Rewind >> The 20s,24
473,10,44.22222222222222,Rest & Relaxation,36
474,22563,24.03125,Backporch Blues,32
475,201169,44.42857142857143,Piano + Strings,49
476,78854,49.51851851851852,Lucid Dreamer,27
477,1249431,52.25333333333333,Wild + Free,75
478,357579,44.93,Ultimate Covers,105
479,42099,37.32142857142857,Dreamcatcher,28
480,19380,44.94,Tropical Nights,144
481,155268,45.57575757575758,Nightstorms,33
482,40080,53.79,Gentle Rains,168
483,100,46.58,Get Happy!,105
484,128,50.743589743589745,Lazy Afternoon,39
485,509218,55.37,Acoustic Pop,120
486,4,44.607142857142854,The Bridge,28
487,3043,43.55555555555556,Don't Worry. Be Happy.,45
488,43,16.0,Spring Garden,21
489,107370,37.97142857142857,Under the Stars,35
490,75,24.470588235294116,Nightly Meditations,34
491,52,36.17391304347826,(Descent) A Beginning,23
492,139343,54.92,Calm Vibes,50
493,746,42.67,Pink Noise,144
494,179536,40.22727272727273,Ocean Escapes,44
495,13633,37.04347826086956,Sounds of Home | Noise Therapy,23
496,20708,30.47826086956522,Lost in the Forest,23
497,18789,18.84375,This is: The Yule Log,32
498,179859,41.857142857142854,Hawaiian Dreams,28
499,0,53.875,Traffic Jams,72
500,56801,49.625,Backyard BBQ,80
501,247,38.1,#JazzAppreciationMonth,40
502,182,21.217391304347824,Motivation Montage,46
503,117,29.666666666666668,Sugar & Spice,24
504,0,20.952380952380953,Soul Soothers,21
505,140,24.52,Winding Roads,25
506,127,,Carpool Karaoke,0
507,118,32.92,Songbirds,25
508,723,38.39393939393939,Mountain Sounds,33
509,1711,46.77142857142857,Feel Good Acoustics,35
510,196416,41.94,Women of Hip Hop,50
511,347149,33.97752808988764,Women of Jazz,89
512,165402,44.264367816091955,Women of Indie,87
513,84380,38.578947368421055,Women of Country,76
514,75340,28.48,Women of Folk & Americana,164
515,50265,47.6,Women of R&B,75
516,149221,52.44642857142857,Latin Divas,56
517,114795,44.01,Women of Rock,117
518,353,46.31707317073171,The Piano Lounge,41
519,17,26.105263157894736,Bluegrass Byways,19
520,170,52.0,The Scenic Route,28
521,351537,37.37,Chill Folk Rock,101
522,682564,57.0,Piano Ballads,61
523,72553,28.068493150684933,Indie Folk: Western Vistas,73
524,11362,33.5,J-Track Makunouchi,50
525,18869,63.15,Year of the Rooster,20
526,51311,51.3421052631579,This Is: EXO,38
527,20629,47.095238095238095,This Is: Madonna,21
528,137318,57.44827586206897,This Is: Maroon 5,29
529,131998,46.291666666666664,This Is: BIGBANG,24
530,9081,34.910714285714285,This Is: Bryan Adams,56
531,4406,39.857142857142854,Early Noise 2017,21
532,7064,42.951219512195124,Haunting Vocals,41
533,5418,34.625,Chillin' by the Pool,48
534,3504,37.59574468085106,Hangin' There,47
535,452020,61.04,K-Pop Daebak,50
536,352551,51.81818181818182,Korean OSTs,55
537,309317,52.75,Best of 2016: K-Pop,100
538,122517,54.53448275862069,K-Party Dance Mix,58
539,99735,43.721311475409834,K-Pop Duets,61
540,94847,37.513888888888886,Sexiest K-Grooves,72
541,82517,37.57142857142857,K-Hip Hop Beats,56
542,73526,41.86,K-Ballads: Be My Valentine,128
543,57822,39.44186046511628,Evening K-Acoustics,86
544,54226,44.857142857142854,Fantastic K-Workout,28
545,47692,45.654545454545456,Morning K-Pop!,55
546,32136,51.54054054054054,K-Boyband Hysteria,37
547,27518,48.54054054054054,Women of K-Pop,37
548,29598,46.6,K-Pop Commute,55
549,29407,49.816326530612244,2016 Mnet Asian Music Awards,49
550,27690,52.95,Workday K-Pop,60
551,26969,48.054545454545455,K-Pop Weekend!,55
552,26352,33.32692307692308,K-Indie Picks,52
553,18322,41.1578947368421,K-Power Vocals,57
554,16164,44.47222222222222,Noraebang K-Pop,36
555,14737,46.6,K-Crazy Michioso Tunes,25
556,13562,35.616279069767444,Winter K-Pop,86
557,13685,43.4,Bubblegum K-Pop,35
558,10310,38.375,K-Pop Collab Surprises,40
559,474432,11.1,Fresh Finds,30
560,26058,9.84375,Fresh Finds: Basement,32
561,16619,17.9,Fresh Finds: Cyclone,30
562,42385,15.2,Fresh Finds: Hiptronix,35
563,28675,14.433333333333334,Fresh Finds: Fire Emoji,30
564,21027,10.74,Fresh Finds: Six Strings,50
565,6116,26.36,Women of Fresh Finds,138
566,196607,42.49,Lush Vibes,101
567,102277,45.03,Jazz Vibes,100
568,18363,27.7,Hazy Vibes,40
569,66380,34.74545454545454,Bleeps & Bloops,55
570,25714,34.56,Badass Womyn,50
571,6022,15.927272727272728,Footwork Fever,55
572,102448,44.733333333333334,Silk Sheets,60
573,72578,19.08,"Gold Instrumental Beats (previously ""Instrumental Beat Recipes""",50
574,3808,31.34,Chill Instrumental Beats,50
575,1777,19.32,Trap & 808 Instrumental Beats,50
576,23124,41.69565217391305,We Dem Girlz,23
577,822,54.1,Alternative Lunchbox,20
578,409,13.78,1960,50
579,310,15.32,1961,50
580,302,14.38,1962,50
581,298,20.98,1963,50
582,318,20.58,1964,50
583,331,22.54,1965,50
584,308,21.0,1966,50
585,314,22.26,1967,50
586,304,26.86,1968,50
587,343,28.2,1969,50
588,373,26.52,1970,50
589,304,22.66,1971,50
590,321,29.346938775510203,1972,49
591,319,29.3,1973,50
592,334,28.54,1974,50
593,310,30.12,1975,50
594,333,24.72,1976,50
595,336,24.76,1977,50
596,328,27.49019607843137,1978,51
597,356,29.56,1979,50
598,446,33.2,1980,50
599,360,27.48,1981,50
600,390,29.86,1982,50
601,419,35.94,1983,50
602,450,32.64,1984,50
603,474,31.8,1985,50
604,397,34.2,1986,50
605,430,39.22,1987,50
606,391,29.08,1989,50
607,445,33.08,1990,50
608,410,33.16,1991,50
609,430,41.04,1992,50
610,388,41.04,1993,50
611,445,36.78,1994,50
612,477,40.8,1996,50
613,473,39.16,1997,50
614,611,45.14,1999,50
615,643,36.28,2000,50
616,628,42.08,2001,50
617,3692,42.48,2002,50
618,750,43.72,2003,50
619,3987,43.34,2004,50
620,742,43.26,2006,50
621,6209,38.32,2007,50
622,800,36.44,2008,50
623,5473,40.06,2009,50
624,13178,51.28,2010,50
625,4558,57.4,2011,50
626,7411,57.4,2012,50
627,381,29.379310344827587,Dear Mama,29
628,1223,47.85,Turnt Up Time ,20
629,414,38.9,No Words,20
630,6513,58.2,Top 100 tracks of 2014 - Sweden,100
631,220,16.425531914893618,Joe Cocker,47
632,88577,45.507462686567166,New Music Friday Sweden,67
633,608,28.8,Happy Birthday Cheryl!,30
634,202,18.7,June 2,40
635,300,16.767857142857142,May 20,56
636,489,32.375,Grazia Daily: Summer 2013,40
637,207,0.07,LSP,197
638,1102,20.142857142857142,Vogue Travel: The Sound of the Upper East Side,28
639,180,7.0,POST,42
640,580,19.545454545454547,Disclosure's Spotify Playlist,22
641,729,22.357142857142858,The Roots of... Mumford & Sons,28
642,120,4.830985915492958,June 10,71
643,265,24.571428571428573,HAIM,7
644,72,6.378378378378378,101_FTB,37
645,159,35.733333333333334,Grazia Daily: The Best of Primavera,15
646,112,2.0,braids,27
647,122,11.714285714285714,XFM JUNE 26,7
648,555,23.1,The Beach Boys: The Real Best Of...,10
649,119,15.913793103448276,boys cast,58
650,160,19.375,Happy Birthday George!,24
651,1040,32.04761904761905,Remembering 2Pac,42
652,513,2.4927536231884058,The Hot Sounds of 1926,69
653,365,34.06060606060606,Happy Birthday Kanye!,66
654,43,,Mollie King ,0
655,127,19.75,Happy Birthday Sir Tom!,20
656,300,25.543478260869566,Happy Birthday Prince!,46
657,206,19.9,Happy Birthday Joe Cocker,10
658,92,18.470588235294116,Happy Birthday Mollie!,17
659,83,9.266666666666667,"Congratulations, Sofia and Daniel",30
660,91,6.75,Welcome Baby Kimye!,24
661,424,20.689655172413794,The Roots of... Vampire Weekend,29
662,201,2.57,PF,166
663,152,32.44444444444444,Happy Birthday Nicole!,27
664,141,31.137931034482758,JIRMP,29
665,172,19.838709677419356,Happy Birthday Sir Paul!,31
666,181,12.514285714285714,"Happy Birthday, Lionel",35
667,352,13.80327868852459,Global Music Day,61
668,79,0.0,Dub Zone,23
669,69,12.266666666666667,Hats The Way I Like It: Ascot 2013,15
670,618,6.9,Pink Floyd: Start Here,10
671,646,13.61111111111111,RIP James Gandolfini,36
672,3046,26.695652173913043,Mountain Session,46
673,1579,17.64,Spotify Sessions,397
674,4420,35.97560975609756,Great Love Ballads,41
675,5647,16.181818181818183,Only Lovers Left Alive - Playlist by Jim Jarmusch and Carter Logan of SQÜRL,11
676,219148,82.4,Top 100 tracks currently on Spotify,100
677,485,62.25,Top 100 tracks currently in Andorra,100
678,28,78.35,Top 100 tracks currently in Austria,100
679,262,78.34,Top 100 tracks currently in Australia,100
680,51,78.98,Top 100 tracks currently in Belgium,100
681,22,80.66,Top 100 tracks currently in Switzerland,100
682,527,77.1,Top 100 tracks currently in Germany,100
683,260,73.43,Top 100 tracks currently in Denmark,100
684,409,81.97674418604652,Top 100 tracks currently in Estonia,43
685,326,78.8,Top 100 tracks currently in Spain,100
686,247,71.63,Top 100 tracks currently in Finland,100
687,221,73.38,Top 100 tracks currently in France,100
688,820,79.74,Top 100 tracks currently in the UK,100
689,216,77.45,Top 100 tracks currently in Mexico,100
690,202,76.13,Top 100 tracks currently in the Netherlands,100
691,816,77.4,Top 100 tracks currently in Norway,100
692,71,80.3,Top 100 tracks currently in New Zealand,100
693,251,80.05,Top 100 tracks currently in the US,100
694,1061970,27.02,Top 100 Alternative Tracks on Spotify,100
695,55851,28.37,Top 100 Country Tracks on Spotify,100
696,567,23.952380952380953,Roots of Change,63
697,208628,41.45454545454545,Pop Punk's Not Dead,55
698,67,0.6666666666666666,CAZZETTE – Eject pt. I,6
699,128,0.07692307692307693,US Exclusives,13
700,61,,Nelson Mandela Tribute,0
701,338,16.32,Spotify Global Discoveries,105
702,889,24.37,Spotify Global Hits,147
703,17951,20.55,New Singles on Spotify,80
704,173,47.8,Top Dads on Spotify,10
705,256,43.4,Top Misquoted Song Lyrics,10
706,137,31.452380952380953,Keep On Pushing: A Labour Playlist,42
707,2564,29.68,Top Tracks in Kids,25
708,4038,34.981818181818184,Top Tracks in Popculture,55
709,6147,39.0,Top Tracks in Travel,25
710,21710,44.92,Top Tracks in Workout,25
711,421,34.125,Spotify House Sunday,16
712,1259,27.27777777777778,Spotify House Monday,18
713,366,18.066666666666666,Spotify House Tuesday,15
714,770,39.2,Spotify House Wednesday,15
715,523,25.3,Spotify House Thursday,20
716,717,40.31578947368421,Spotify House Friday,19
717,664,30.933333333333334,Walter - Dangerous,30
718,146,24.333333333333332,Skyler - Strong,30
719,263,32.3,Hank - Gutsy,30
720,490,33.48148148148148,Jesse - Street Smart,27
721,138,39.48275862068966,Marie - Sassy,29
722,91,33.285714285714285,Walt Jr. - Innocent,28
723,66564,41.11666666666667,This Is: Iron Maiden,60
724,159323,22.85,New Metal Tracks,80
725,304942,41.64,Adrenaline Workout,50
726,50204,27.525,Atmospheric Black Metal,40
727,94429,29.056603773584907,Deathcore,53
728,2442,36.06,Extreme Metal Workout,49
729,61688,32.72727272727273,Got Djent?,55
730,66023,29.46,Folk Metal Warriors,50
731,16472,26.236363636363638,Instrumental Madness,55
732,108795,27.257575757575758,Heavy Metal,66
733,332007,44.470588235294116,Kickass Metal,51
734,226064,41.92,Metalcore,50
735,27538,25.24,Metal Darkness,50
736,1597,36.9,Metal Domination,50
737,150328,32.776119402985074,Metal Goddesses,67
738,42115,48.84,Metal Party,50
739,14268,29.82,Metal Xplorer,50
740,6604,38.333333333333336,Metallica: The Early Years,30
741,41571,15.46938775510204,Might and Myth: Power Metal,49
742,1950,21.666666666666668,New Wave Of British Heavy Metal,30
743,45231,21.88,Old School Death Metal,50
744,464232,49.54,Old School Metal,50
745,20553,21.12,Post Metal,50
746,80823,29.82089552238806,Progressive Metal,67
747,8306,22.12,Sludgy Stoner Retro Groove,50
748,18992,16.86,Technical&Brutal Death Metal,50
749,58739,33.0,Thrash Metal - The Best of the Big 4,20
750,35728,16.72289156626506,Thrash Metal - The Best of The Big 5-15,83
751,2408,35.87096774193548,Thrash Metal Essentials,31
752,84545,40.26,Top Tracks in Metal,100
753,38708,17.424242424242426,The True Black Metal Cult,66
754,72742,27.82,Your Favorite Slaughterhouse,50
755,33925,34.74390243902439,Metal Crash Course,82
756,4048,26.375,Black Sabbath: The Dio Years,16
757,47497,38.705882352941174,Black Sabbath: The Ozzy Years,17
758,5569,17.27,Year in Metal 2014,116
759,6345,26.91,Year In Metal 2015,118
760,19389,36.12,Year in Metal 2016,128
761,1263,36.24,Best of 2016: Metal,121
762,49891,15.880952380952381,Animal Stories,42
763,39969,9.705882352941176,Fairy Tales,17
764,91496,41.388888888888886,Sleepytime,18
765,278702,46.26865671641791,Family Road Trip,67
766,32186,22.027397260273972,Folk for Kids,73
767,14067,12.156862745098039,Hip-Hopscotch & Reggae Recess,51
768,2190,13.191176470588236,Kindie,68
769,21840,17.22,Your Daily Routine,50
770,39051,19.458333333333332,Kids Workout,24
771,88691,21.3953488372093,Once Upon A Time,43
772,24496,12.151515151515152,Trick or Treat,33
773,108,33.733333333333334,We Love Elmo!,15
774,1938,32.7,Father's Day Love,30
775,109,76.0,熱門歌曲,50
776,996,74.02,En Popüler,50
777,638,47.0,Lost the Game? Drown Your Sorrows,23
778,280,38.733333333333334,Independence Day,45
779,1747,34.57692307692308,Wish I Could Stay,26
780,789,34.57692307692308,R&Breakfast,26
781,360,34.57692307692308,Funky Oats,26
782,6829,31.88888888888889,Rock & Relax,27
783,280,34.55223880597015,Smash The Clock,67
784,1273,34.55223880597015,Pop Punk Alarm Clock,67
785,964,55.7,Crossfit and Rock,20
786,193,40.76190476190476,Hangover Remedy,21
787,483,48.5,Cup Of Tea With The Queen,20
788,195,50.733333333333334,"My Desk, My Drum",30
789,729,40.45,Rock BPM,20
790,74830,40.06122448979592,Alternative Route,49
791,53948,34.971014492753625,Rock To Work,69
792,10262,20.6,Punk Rock Workout,30
793,3689,23.25,Sweat Through This,28
794,5607,57.06060606060606,Stretch It Out!,33
795,2344,41.76,Leave The Day Behind,25
796,5603,24.85185185185185,Workout Shout!,27
797,444,42.12903225806452,Rock-B-Que,31
798,1439,39.03125,Coffee Music,32
799,1937,44.87096774193548,Coffee & Relaxation,31
800,14849,39.28,Sunrise Run,25
801,1800,41.38709677419355,Hurry Home,31
802,2704,41.5,This Is: Paul Simon,40
803,53,41.142857142857146,A Side of Sunshine,35
804,14986,47.785714285714285,Run In The Sun,28
805,3023,44.30769230769231,Rock and Roll All The Way,26
806,80981,57.06666666666667,Keep It 100,30
807,6295,53.333333333333336,Fire It Up,24
808,16896,42.5,"All Night, All Love",26
809,127488,52.083333333333336,Background Beats,24
810,6607,29.77777777777778,Indie Sunshine,27
811,124770,31.41025641025641,Indie Reflection,39
812,35690,50.883116883116884,New Music Friday,50
813,434411,50.78,Weekly Buzz,50
814,156542,57.48,Wild Cards,105
815,1118736,78.06666666666666,Mega Hit Mix,75
816,707989,66.98648648648648,Pop Rising,74
817,808065,69.5,Hot Rhythmic,82
818,1740246,72.91111111111111,Mood Booster,90
819,1204335,65.02,Hit Rewind,50
820,308934,73.4090909090909,Daily Lift,66
821,381247,71.11111111111111,Fresh & Chill,81
822,83743,52.70909090909091,Happy Chill Good Time Vibes,55
823,2588266,67.775,Teen Party,40
824,119401,56.41860465116279,Down In The Dumps,43
825,81164,68.68571428571428,Study Break,70
826,890151,70.88235294117646,HIIT-Pop,85
827,174406,68.12,HIIT-Hop,50
828,64258,54.74074074074074,Make Out Jams,27
829,140983,40.24,This Is: Frank Sinatra,50
830,29722,57.233333333333334,This Is: A$AP Rocky,30
831,131483,57.1,This Is: Kendrick Lamar,30
832,1523,28.26829268292683,Austin After Dark,41
833,45492,24.36470588235294,Current Christian,85
834,23806,17.75,Songs of Glory,125
835,6906,48.023809523809526,Spring Loaded,42
836,10729,23.977272727272727,Stoop Rock,44
837,17865,34.733333333333334,Jesus is Just Alright with Me,30
838,5915,42.275862068965516,Long Plays,29
839,26314,44.44230769230769,Jukebox Joint,52
840,6609,28.54,This Is: All Time Low,50
841,0,33.78,This is: Biffy Clyro,50
842,23636,52.208333333333336,This is: The Chainsmokers,24
843,4,37.14,This is: Deftones,50
844,4029,38.8,This Is: Incubus,50
845,2624,38.6,This Is: Papa Roach,50
846,71203,56.14,This Is: Red Hot Chili Peppers,50
847,0,16.24,This Is: Silverchair,50
848,11775,43.09756097560975,This Is: Sum 41,41
849,179,56.73913043478261,Not Quite Awake Yet,23
850,391,50.59090909090909,The Indie Reader,22
851,14959,48.80769230769231,Rock Those Weights,26
852,1855,44.64,Rock Your Workday Away,25
853,546,47.84,Rock All The Way Home,25
854,2047,26.62962962962963,Morning Rage Metalcore,27
855,765,49.666666666666664,Pop Rock Party Time,33
856,4782,48.38709677419355,Study Time Fun,31
857,3827,33.6,Sets Of Screamo,20
858,3061,51.26923076923077,Indie Dinner Soundtrack,26
859,2779,48.8,Indie Rock Brain Boost,25
860,464,49.76,Indie Date Night Soundtrack,25
861,306,50.708333333333336,Indie Rock Happy Hour,24
862,757,44.36363636363637,That Special Someone,22
863,1729,43.0,Have A Groovy Morning,20
864,796,39.75,Strolling To The Seventies,20
865,2082,32.130434782608695,Smokey Blues BBQ,23
866,342,35.04347826086956,Bluesy Drive,23
867,5971,29.97142857142857,Wine & Cheese Jazz,35
868,29995,37.857142857142854,Back In My Hippie Daze...,21
869,2636,46.095238095238095,Psychedelic Wind Down,21
870,933,39.666666666666664,These Boots Are Made For Walking,21
871,138,34.04761904761905,Traveling Back to the 60s,21
872,174,36.95238095238095,60s Pop Drive Time,21
873,146,34.3,Waking Up To 60s Pop,20
874,387,32.55,60's Party,20
875,502,40.5,Stepping Out With The Sixties,20
876,149,37.0,Shimmy & Twist,20
877,522,31.681818181818183,Classic Oldies Stroll,22
878,152,25.545454545454547,Traveling Back to the 50s,22
879,174,25.666666666666668,50s Pop Drive Time,21
880,112,23.0,Malt Shop Classics,21
881,2217,41.2,Wake Up With The 80s,45
882,503,53.2,With The Flow,20
883,495,31.25,Dance Out Loud!,40
884,82,35.6,Just 10 More Minutes,20
885,7543,49.3,Roadtrip to the 80's,20
886,152,48.41379310344828,Rock for the Road,29
887,691,45.93103448275862,Rock Out at the Gym,29
888,1461,46.55,Dinner Unplugged,20
889,199,28.8,Music To My Ears,40
890,87,49.1,Rock in Flight,20
891,61,38.15,Don't Forget this Name,20
892,90,41.35,True Rock Power,20
893,624,45.25,"Good Morning, Monsters of Rock!",20
894,79,51.0,A Moment of True Love,20
895,126,38.1,Wake Up! Wake Up!,20
896,3995,46.577777777777776,I Love My Air Guitar,45
897,4126,43.35,"Headphones On, World Off",20
898,282,44.15,Late for Work,20
899,510,24.575,Skate Park,40
900,65,49.9,Punkcake,20
901,495,15.233333333333333,#MetalMonday,30
902,173,43.6,High Volume,20
903,3358,41.2,Nu Metal Bodybuilding,20
904,1953325,63.8,Cardio,50
905,758943,73.46,Workout,50
906,100867,50.48863636363637,Contemporary Blend,88
907,27134,41.95454545454545,French Cuisine,44
908,1263,29.375,This Is: New Found Glory,40
909,13307,18.236363636363638,This Is: Rush,55
910,73789,50.214285714285715,This Is: Michael Bublé,42
911,85789,41.111111111111114,This Is: Leonard Cohen,54
912,13341,30.45614035087719,This Is: NOFX,57
913,458102,40.25806451612903,Classic Punk,93
914,21184,26.651685393258425,Punk Unleashed,89
915,532555,54.91044776119403,Pop Punk Powerhouses,67
916,204740,32.84444444444444,Skatepark Punks,90
917,89984,30.55056179775281,The Essential Ska,89
918,48470,35.21739130434783,New Punk Tracks,69
919,166607,38.96666666666667,Crash Course,60
920,131157,36.101010101010104,Punk Essentials,99
921,56551,26.5,Political Punks,30
922,34386,30.29032258064516,Hot Rods & Horror Shows,31
923,62766,27.725,Covered In Punk,40
924,52347,35.59,Punk Unplugged,103
925,123291,36.97560975609756,Post Garage Wave Revival,41
926,84328,45.08,Is It New Wave?,25
927,405667,38.45,Infinite Roots,343
928,2619,38.875,Wanderlust,56
929,815230,41.327586206896555,Family Favorites,58
930,10741,4.368421052631579,Art of Fugue,38
931,101248,29.0,Classical Dance Music: Ballet & Beyond,50
932,7298,55.24390243902439,Single. + Loving it.,41
933,56,17.73015873015873,The Life Eclectic,63
934,656,0.77,Evening Serenades,181
935,128,20.26086956521739,Flex & Flow,23
936,174,17.746666666666666,Workday – Zen,75
937,90,35.03703703703704,Keep it Low Key,27
938,1633322,56.17,Oldies but Goodies | 2000 - 2016,105
939,390,24.25423728813559,Classical Café,59
940,42880,27.36,Classical Guitar 50: Spotify Picks,50
941,8,20.84,The Grove,25
942,252,14.177777777777777,Fresh Jazz | The New Vanguard,45
943,107,33.0,Get Lifted,30
944,146000,45.857142857142854,A Soft Jazz Backdrop,28
945,330712,56.26315789473684,Good Times Great Oldies,38
946,183,9.64,Jazz on the Rocks,25
947,621,54.39622641509434,#SundayFunday,53
948,263,45.14,#FlashbackFriday,50
949,1399,28.57,Amped up.,182
950,129,14.545454545454545,Indie Fun,33
951,859,46.829787234042556,Under the Covers,47
952,54,29.52,The New Standards,25
953,102,49.09090909090909,Up & Out,22
954,105274,33.07017543859649,Acoustic Grit,57
955,4581,33.78947368421053,Take it Easy,95
956,49952,38.07017543859649,Scandi Folk,57
957,1822,36.93333333333333,Britfolk,15
958,321,44.11764705882353,Morning Rituals,51
959,48,54.766666666666666,#MakeitHappen,30
960,215,56.46341463414634,Singing in the Shower...,41
961,1445,53.223880597014926,Morning Drive,67
962,1041,40.9,Wild Weekend,20
963,583711,44.7319587628866,Indie Acoustic,97
964,0,30.736842105263158,Indie Ballads,57
965,1881,45.16923076923077,Barista Blend,65
966,2061271,58.6,Relax & Unwind,134
967,1151899,58.99,Songs to Sing in the Car,142
968,2112,45.81578947368421,Home Sweet Home,38
969,194308,50.470588235294116,Endorphin Rush,34
970,39639,27.56,Americana Icons,134
971,400115,38.027027027027025,Swagger,74
972,5089,48.76,Bring Back the 2000s,75
973,0,18.11111111111111,World Folk,36
974,3026,33.121212121212125,Alone on Christmas,33
975,7685,44.35,"Creepy, Stupid, Love",40
976,28263,31.333333333333332,Doo-Wop Dee Doo,60
977,55489,45.57142857142857,Happy Days,70
978,55,37.4,Indie One Stop,50
979,2266040,52.69662921348315,Your Favorite Coffeehouse,89
980,18608,44.34782608695652,Strategic Beats,23
981,273302,38.582417582417584,Songs for Sunsets,91
982,125387,34.34,"Songs For You, Not Your Parents",148
983,237661,61.27173913043478,Valentine's Day Love,92
984,683,41.77272727272727,Beat Down Your Morning,22
985,51489,24.43,Informal is Now Normal,224
986,21679,33.578125,Songs That Don't Suck,64
987,85811,36.28358208955224,Drive Through the Mountains,67
988,531782,42.561797752808985,Pumping Iron,89
989,71309,40.20338983050848,Solitary Ride,59
990,36339,31.79245283018868,Synth Pop,53
991,552770,51.59,Legendary,122
992,21692,20.26,A Mellow Indie Odyssey,141
993,353,44.113207547169814,Wicked Wives Wine Party ,53
994,71853,21.25,The Perfect Italian Dinner,136
995,35703,21.693877551020407,"Like Woodstock, Man",49
996,42974,37.30555555555556,pool party 101,36
997,18933,41.74,Sprinkle My Ashes Over the 80s,50
998,53392,24.99,Prog Rock Monsters,100
999,42032,23.68421052631579,Fusion Fest,38
1000,27251,29.75,Face Melters,111
1001,51,37.791666666666664,#Hotmess,24
1002,583659,44.925,Fine + Mellow,40
1003,434385,49.91358024691358,Roots Revival,81
1004,78,11.325581395348838,Ultimate Live Jams,43
1005,44345,10.184615384615384,Short Stories,65
1006,112372,10.62,Audiobooks,122
1007,5817,5.711864406779661,Editor's Choice: Nonfiction,59
1008,7198,6.659574468085107,Editor's Choice: Fiction,94
1009,4424,1.9423076923076923,Margaret Walker,52
1010,7534,6.423076923076923,Poetry & Music,26
1011,4469,3.21875,Poems for Spring,32
1012,20870,9.34375,A Hipster's Guide to Poetry,32
1013,4069,4.024390243902439,A Child's Garden of Verses,41
1014,6149,4.065217391304348,La poésie française,46
1015,8035,1.92,Emily Dickinson,150
1016,30856,12.4,Love Poems,35
1017,15465,4.69,Shakespeare: The Poetry,162
1018,3414,1.6904761904761905,The Selected W. B. Yeats,42
1019,7676,1.875,The Robert Frost Reading Room,64
1020,2792,0.38,Readings from Dylan Thomas,102
1021,17516,16.75438596491228,Langston Hughes,57
1022,8619,1.51,The Romantics,101
1023,23917,8.073170731707316,Poetry: In Their Own Voices,82
1024,14952,3.59,The Beats,211
1025,13146,6.048780487804878,Sylvia Plath,41
1026,2418,3.0,Edna St. Vincent Millay,18
1027,16918,4.1,Modern Poetry,168
1028,3915,0.6,The Victorians,289
1029,12049,4.619718309859155,Action & Adventure,71
1030,33359,7.61,The Adventures of Sherlock Holmes,163
1031,10001,2.47,The Brontës,141
1032,9351,4.4411764705882355,Charles Dickens' Classics,68
1033,2722,1.380952380952381,The Selected D. H. Lawrence,84
1034,30183,5.984848484848484,The Essential Edgar Allen Poe,66
1035,11797,3.325,French Literature,40
1036,2047,1.65,Blake’s 7: The Audio Series,107
1037,20318,10.75,The H. P. Lovecraft Compendium,64
1038,7276,1.76,Irish Lit,239
1039,22344,10.16,Jane Austen,128
1040,1841,0.6585365853658537,Joyceana,41
1041,3577,0.47368421052631576,La littérature française,95
1042,13195,3.466666666666667,Vintage Radio Dramas,30
1043,47878,7.6477272727272725,Mythologies,88
1044,15444,6.035714285714286,Radio Crime Dramas,28
1045,6715,2.6615384615384614,Russian Lit,65
1046,81830,8.14,Scary Stories,140
1047,20166,11.27,Science Fiction,197
1048,15866,7.0,Sci-Fi Radio Dramas,42
1049,6472,1.4,Shakespeare: The Comedies,50
1050,5131,0.5057471264367817,Shakespeare: The Histories,87
1051,9881,1.31,Shakespeare: The Tragedies,215
1052,0,9.803571428571429,Stories for your Inner Child,56
1053,12772,3.8947368421052633,Women's Lit,38
1054,101034,5.25,Learn Spanish,459
1055,34533,7.41,Self Help Gems,131
1056,8915,0.09,How to Write...,103
1057,20870,4.41,The Lectures of Joseph Campbell,592
1058,3435,0.9384615384615385,Music Lessons from Pete Seeger,65
1059,108804,11.19,Guided Meditation,123
1060,19,10.184615384615384,Beyond the Music,65
1061,9328,2.92,Classical Music Explained: Bernstein's Music Lectures & More,396
1062,13381,3.48,Presidential Voices,127
1063,5260,0.76,Irish Studies,122
1064,2505,13.289473684210526,The Artist Speaks,76
1065,11924,1.035294117647059,Learn Swedish,85
1066,68989,6.08,Learn French,472
1067,39627,3.09,Learn German,409
1068,17229,2.267605633802817,Learn Irish,71
1069,44284,5.89,Learn Italian,608
1070,13501,2.056603773584906,Learn Portuguese,53
1071,27361,4.04,Learn Chinese,263
1072,22475,2.29,Learn Russian,174
1073,17630,2.6853932584269664,Learn Arabic,89
1074,12940,0.0,A Noam Chomsky Chronology,410
1075,99619,47.229166666666664,Trending in Film,48
1076,2177,10.222222222222221,Fright Fest,27
1077,104,24.11,Halloween Hipster,117
1078,8978,25.91,Christmas Contemporary,109
1079,43988,4.916666666666667,Christmas Stories,36
1080,129,43.64179104477612,Home for the Holidays,67
1081,658,31.085714285714285,FriendsGiving,35
1082,538,32.6,Give Thanks,50
1083,80809,34.55813953488372,Coping With Loss,86
1084,35538,13.86,Next Classical,50
1085,21371,19.64,Medieval 50: Spotify Picks,50
1086,10900,10.66,Modernism 50: Spotify Picks,50
1087,11472,5.14,Avant-garde 50: Spotify Picks,50
1088,6741,6.6,Electroacoustic 50: Spotify Picks,50
1089,11008,22.666666666666668,Classical Feast,42
1090,9058,18.12121212121212,Classical Intimate Dinner,33
1091,72168,23.14,Indie Classical: Composed In 21st Century,50
1092,14539,9.94,Women of Classical,50
1093,63361,26.84,Minimalism,50
1094,16311,5.5,Contemporary Chinese Classical,28
1095,113608,35.2,This Is: Chopin,50
1096,369,0.09,Bellini's Opera,500
1097,41831,24.86,Peaceful Choral Music by Living Composers,50
1098,35339,19.72,Essence of the Renaissance,50
1099,83386,22.28,Romantic Era 50: Spotify Picks,50
1100,142155,44.37837837837838,Anthems of Angst,37
1101,449512,51.76923076923077,Nature Noise,65
1102,44707,46.04,The Sleep Machine: Waterscapes,135
1103,119744,38.274193548387096,White Noise,62
1104,67571,26.389830508474578,Crossroad Blues,59
1105,22,26.742857142857144,"Red, White, & Blue",35
1106,47718,24.011363636363637,Best Original Songs,88
1107,84,26.7,50 Songs for Snow,50
1108,20172,31.11864406779661,Happy St. Patrick's Day,59
1109,117,26.956521739130434,It's a Boy!,23
1110,126390,68.07894736842105,59th GRAMMY Awards,76
1111,130,31.48,It's a Girl!,25
1112,2538,42.111111111111114,Rock Your Rights,45
1113,387504,55.54,Ultimate Indie,50
1114,15128,59.14,Best of 2016: Ultimate Indie,50
1115,23183,47.21875,This Is: Bon Iver,32
1116,2688,28.4375,This Is: The Flaming Lips,48
1117,3715,35.88461538461539,This Is: The Shins,26
1118,10185,61.625,Billboard Music Awards 2016,40
1119,97147,66.79166666666667,Best of Spotify (So Far),24
1120,163,37.904761904761905,Tabletop Day,21
1121,22925,59.55,Superman,20
1122,33218,55.0,Batman,20
1123,7210,60.4,Ultimate Performances,40
1124,3667,27.692307692307693,This Is: Animal Collective,26
1125,112311,62.689655172413794,This Is: Beyoncé,29
1126,197947,62.483870967741936,This Is: Coldplay,31
1127,330678,39.34285714285714,This Is: David Bowie,70
1128,2113,16.214285714285715,EODM Play it Forward Campaign,14
1129,34319,32.06666666666667,Best of Bond,30
1130,72312,63.094339622641506,2016 VMAs,53
1131,92743,60.130434782608695,This Is: Hamilton,69
1132,11756,71.94285714285714,The 2016 AMAs,35
1133,6331,38.208333333333336,This Is: Sharon Jones,24
1134,3187,35.609756097560975,Classic Soul With Seth Rogen,41
1135,16828,55.588235294117645,"Welcome, Marty McFly",51
1136,164,56.666666666666664,Movember,21
1137,1529,67.47,Top Gaming Tracks: One Year Together,100
1138,175581,25.74074074074074,Best of Star Wars,27
1139,14767,41.56363636363636,This Is: Hans Zimmer,55
1140,29027,57.68292682926829,Rage Quit,41
1141,6620,54.535714285714285,Like A (Final) Boss,28
1142,10618,40.96666666666667,Guest List: Moving Castle,30
1143,206,41.5,Guest List: Keahu Kahuanui,44
1144,5263,31.96,Guest List: TeamSupreme,104
1145,1806,30.195121951219512,Guest List: GamesBeat,41
1146,3503,21.307692307692307,Guest List: Polygon,52
1147,2664,38.2093023255814,Guest List: Engadget,43
1148,2985,25.725,Guest List: GamesRadar,40
1149,5721,31.814814814814813,Guest List: Sneaky Zebra,27
1150,15612,24.92,Guest List: Day[9],165
1151,919,18.620689655172413,Guest List: MC Lars,29
1152,768,22.63157894736842,Guest List: Kill Screen,57
1153,3564,42.53333333333333,Guest List: TaKe,60
1154,3384,21.20408163265306,Guest List: Mashable,49
1155,743,26.9,Guest List: Shacknews' Shack Channel 5,50
1156,18263,49.82,Latin Urban Gaming,267
1157,1608,27.79310344827586,Nerding Around,29
1158,380496,76.4,Top Gaming Tracks,50
1159,35489,37.38157894736842,Gaming Anthems,76
1160,20796,37.01639344262295,Soundscapes For Gaming,61
1161,191737,42.99,Epic Gaming,115
1162,71058,54.3,Retro Gaming,192
1163,311393,71.73333333333333,Power Gaming,75
1164,8515,47.98,Indie Gaming,193
1165,152133,55.93,Hip Hop Gaming,171
1166,25139,57.48,Pop Gaming,214
1167,107,14.6,Bread & Dub,25
1168,147,43.94117647058823,Drum City,34
1169,1029,22.454545454545453,Nu-Jazz Concentration,33
1170,70,23.033333333333335,The Blues Skies,30
1171,5335,30.666666666666668,The Blues Kitchen,30
1172,16504,35.395833333333336,Trip-Hop Station,48
1173,40025,60.13636363636363,The Britney Body Workout,22
1174,7242,53.3,Carefree Days,30
1175,969537,69.96,Confidence Boost,50
1176,33,49.63333333333333,Dancing All the Way Home,30
1177,8974,64.56,Day Party!,50
1178,44452,52.020833333333336,Energizing Classics,48
1179,1298381,67.54666666666667,Good Vibes,75
1180,265526,62.38461538461539,Throwback Workout,65
1181,293941,58.285714285714285,Mellow Morning,84
1182,82789,59.07017543859649,Mellow Nights,57
1183,170655,53.413333333333334,Quiet Evening,75
1184,237796,58.57303370786517,Throwback Jams,89
1185,195048,66.61904761904762,Warm Fuzzy Feeling,42
1186,677,57.85,YEAH! Throwback Alarm Clock,20
1187,836597,53.17,Young & Free,128
1188,338733,46.40909090909091,Ambient Chill,22
1189,203804,46.1063829787234,Productive Morning,47
1190,468343,62.66,All The Feels,50
1191,82124,62.54545454545455,Get Your Body Right,22
1192,51,52.60606060606061,Killing It,33
1193,36156,52.8,Driving Commute,50
1194,1074,32.65,Epic Uplifting Sunrise,20
1195,71934,46.509803921568626,Epic Workout,51
1196,240630,55.36,Essential Indie,100
1197,14159,40.0,"I'm Wide Awake, It's Morning",43
1198,27900,44.93939393939394,Sleepy Morning Coffee,33
1199,2742,30.392857142857142,Take It Slow,28
1200,13582,48.54545454545455,Inspiration to Run,22
1201,8860,50.18181818181818,Get On Up!,22
1202,3182,63.23684210526316,Summertime Fun,38
1203,11877,46.470588235294116,No School!,34
1204,8443,52.04,Summer Sunshine,50
1205,46056,58.09803921568628,No School No Worries,51
1206,9598,58.18,Summer Break Forever,50
1207,15068,59.675,Just Chill,40
1208,1938705,50.24,Deep Focus,126
1209,826566,44.96,Feel Good Indie Rock,205
1210,1597082,49.84,Feelin' Good,100
1211,1027357,55.15,Hanging Out and Relaxing,105
1212,1673571,58.83,Have a Great Day!,126
1213,418868,55.32,Underground Hits,50
1214,516040,47.02,Indie Pop!,101
1215,744556,45.11,New Indie Mix,101
1216,79137,36.25581395348837,undercurrents,86
1217,528332,66.52,Morning Commute,50
1218,335957,61.34,Evening Commute,50
1219,1146434,64.34666666666666,Pop Chillout,75
1220,404234,48.07142857142857,Stress Relief,84
1221,1167304,63.3469387755102,Summer Party,49
1222,961527,53.65,Totally Stress Free,111
1223,500950,53.27,Workday – Pop,170
1224,328093,33.44827586206897,Atmospheric Calm,87
1225,31538,43.254901960784316,After Party//Come Down,51
1226,143547,30.15909090909091,Blues Roots,44
1227,431015,46.2962962962963,Beach Vibes,54
1228,399586,39.906666666666666,Calm Down,75
1229,69250,25.84,Classical Moments in Movies,50
1230,266768,53.370370370370374,Deep Sleep,27
1231,234350,46.30612244897959,Happy To Be Home,49
1232,298683,53.85,Indie Chillout.,100
1233,231033,35.43,Indie Workout,269
1234,427841,48.72727272727273,Jazz For Sleep,33
1235,219563,42.5,Just Smile,32
1236,152656,32.42,Lazy Weekend,266
1237,92326,45.87323943661972,Late Night Indie,71
1238,71417,45.0,Mellow Dinner,78
1239,169913,50.57692307692308,Party Starter,26
1240,278265,36.28,Peaceful Indie Ambient,114
1241,5939,43.298507462686565,Quiet & Calm,67
1242,57942,55.96,Quiet Weekend,75
1243,157751,45.98,Ready for the Day,50
1244,171869,40.73684210526316,Re-Energize,76
1245,0,46.166666666666664,Snooze Button,12
1246,89459,41.18181818181818,Timeless Soul Ballads,33
1247,192571,47.546875,Urban Poet,64
1248,107458,54.303030303030305,Walk In Like You Own the Place,33
1249,127642,32.5625,Reggae Infusions,48
1250,24884,47.340425531914896,Toasty Fireside,47
1251,7090,24.366666666666667,Afropop,30
1252,576047,50.36,Chill Vibes,135
1253,34390,43.80281690140845,Dive Bar Essentials,71
1254,46085,23.24,Heavy Dub,50
1255,27539,48.166666666666664,Indie Rock Cleanup,30
1256,226048,43.49367088607595,Indie Rock Road Trip,79
1257,109,24.972972972972972,It Only Takes Two,37
1258,46554,26.04,Laid Back After Party,118
1259,103240,31.47142857142857,Last One Awake,70
1260,24712,28.31578947368421,Lo-Fi Love,19
1261,546349,38.74324324324324,Mellow Beats,74
1262,2888,47.588235294117645,Metal's Most Streamed,34
1263,70655,26.24,Modern Psychedelia,111
1264,65268,29.444444444444443,Complete Chaos,54
1265,39607,40.131147540983605,Party of the Century,61
1266,70144,25.392857142857142,Reggae BBQ,28
1267,73632,30.1,Retro Pop,144
1268,82937,35.57142857142857,Sing Along,35
1269,25055,52.432432432432435,Skipping School,37
1270,70778,32.82608695652174,Garage Jams,69
1271,93117,51.36046511627907,Beer and Wings,86
1272,64663,37.15,The Birth of Cool,60
1273,28061,32.86206896551724,Born in the USA,29
1274,20762,33.13513513513514,Chips and Salsa,37
1275,278753,29.621951219512194,Disco Forever,82
1276,31816,20.25,French Holiday,32
1277,33944,28.46153846153846,Funk Evolution,39
1278,136156,41.18518518518518,Funk Rock,27
1279,259431,46.89,Guilty Pleasures,157
1280,251,13.192307692307692,Historic Venue: Ryman Auditorium,26
1281,96416,48.093023255813954,Jock Jams,43
1282,683,28.772727272727273,Late Night Reading,22
1283,6323,30.102040816326532,Musical Comedy,49
1284,151264,44.38095238095238,Musical Therapy,21
1285,78608,23.77777777777778,New York Groove,27
1286,12859,30.88372093023256,Power Pop,43
1287,554382,46.66,Reggae Classics,50
1288,751965,57.92156862745098,Rock the 2000's,51
1289,28169,23.424242424242426,Rocksteady,33
1290,29454,30.04,Stoner Tracks For Everyone,50
1291,60,52.84,Vocal Acrobats,25
1292,15519,21.4,Yé-Yé,30
1293,53688,59.54,Anti-Valentine's Day,50
1294,115541,65.88,New Years 2017,50
1295,94592,68.82692307692308,Halloween Party,52
1296,103649,40.63265306122449,Happy Holidays,49
1297,397,37.607142857142854,Macy's Thanksgiving Day Parade 2013,28
1298,2845,50.63333333333333,Mardi Gras Party,30
1299,49105,30.886363636363637,New Orleans Brass,44
1300,85103,73.57446808510639,Gameday,47
1301,5311,50.30769230769231,Get Ready For Baseball,26
1302,15175,24.166666666666668,Christian Christmas,60
1303,24836,28.274509803921568,The Blaze,51
1304,69500,42.08,Blessings,50
1305,524211,48.36666666666667,Top Christian Tracks,60
1306,724,33.31707317073171,Austin Sounds,41
1307,556,15.431818181818182,Sunset in Austin,44
1308,141814,56.0,This Is: Katy Perry,40
1309,38296,78.35555555555555,The Big Game 2017,45
1310,8613,40.56521739130435,Halftime History,92
1311,223,15.210526315789474,Spotify Sessions - Rock,38
1312,169,25.022727272727273,Spotify Sessions - Pop,44
1313,80088,44.8,Ultimate Pump Up,25
1314,76010,53.766666666666666,Spin Class,30
1315,14544,21.7,Bluegrass Evolutions,104
1316,290290,42.63333333333333,Rainy Day,30
1317,187625,43.241379310344826,Dark & Stormy,29
1318,7208,9.32258064516129,Mac 'N Cheese,31
1319,8177,38.27272727272727,Mother's Day Love,22
1320,1510,32.075,Kanye To The,40
1321,34472,47.75,Found Them First,20
1322,3589,31.0,Spotify Sessions Nominees,18
1323,3593,59.9375,AMA Winners 2014,16
1324,57,44.1219512195122,New Year's 2015,41
1325,30152,55.57142857142857,Morning Boost,28
1326,336,37.88235294117647,Mustard On The Beats,17
1327,216,57.30434782608695,A Bite Out Of The Afternoon,23
1328,1076,36.520833333333336,Girls Night Out,48
1329,754,40.89473684210526,Power Hour,38
1330,58,37.55384615384615,Let Loose,65
1331,146,25.059701492537314,Foam Party,67
1332,40,45.48,An Epic Evening,25
1333,7574,22.019607843137255,Long Night Ahead,51
1334,14996,34.59574468085106,Country BBQ,47
1335,5536,46.03030303030303,Falling In Love,33
1336,353645,40.88,Pure Seduction,75
1337,224062,46.53,Back2College,125
1338,299132,31.657894736842106,Sexy as Folk,38
1339,99614,38.27,Real and True,133
1340,31101,40.16216216216216,Post Workout,37
1341,132883,36.422222222222224,Instrumental Inspirations,45
1342,1023,42.629629629629626,Early Morning Rise,27
1343,192446,40.904761904761905,ill Lyricist,84
1344,124339,37.041666666666664,Decompression,24
1345,36322,40.306451612903224,The Other Side of Hip-Hop,62
1346,90698,48.69047619047619,H.A.M.,42
1347,12427,41.41025641025641,Late Night Reflections,39
1348,63900,45.8421052631579,Clinically Cold,57
1349,470773,60.5,G.O.O.D Music,50
1350,6599,23.45,Backstage,100
1351,9759,37.3,Bullet for Hell,20
1352,197121,34.77272727272727,A Sudden Rainstorm,22
1353,79967,28.0,Another Glass,20
1354,9685,49.588235294117645,Truly Motivated,17
1355,15829,56.529411764705884,The Final Countdown,34
1356,362217,49.67272727272727,Grime Shutdown,55
1357,435,49.93103448275862,Valentine's Day Love Notes,29
1358,83,22.975609756097562,Grand Hustle Gang Spotify Picks,41
1359,2289,20.075,MMG Spotify Picks,40
1360,89,29.195121951219512,Shady Records Spotify Picks,41
1361,54,21.107142857142858,Taylor Gang Spotify Picks,28
1362,1029,11.486486486486486,Avant-Jazz,37
1363,7012,38.054054054054056,Electro Swing,37
1364,7538,24.11764705882353,Acid Jazz,51
1365,7448,26.26923076923077,Swing Revival,26
1366,4325,22.318181818181817,Let There Be Bop,22
1367,2151,26.6,Brit Blues,25
1368,6972,25.923076923076923,Delta Blues,26
1369,10024,36.0,Chicago Blues,20
1370,2202,18.0,Jump Blues,25
1371,3898,31.7,Lone Star Blues,20
1372,15054,29.925,Blue Ballads,40
1373,14611,28.705882352941178,The Blues: Live & Loud,34
1374,40877,38.416666666666664,Heartland Drive,36
1375,13898,23.3,Heroic Workout,20
1376,38,58.85,On Two Wheels,20
1377,39,44.95,Pretty Fly for a Bus Ride,20
1378,90,53.15,School's Out,20
1379,283,38.75,A Funky Routine,20
1380,59,43.8,"Early Morning, Early Soul",20
1381,423,22.80952380952381,Funk 'Em Early Mornings,21
1382,312,29.4,Gotta Get Up To Get Down,20
1383,1180,43.05,Soul Food,20
1384,226,20.095238095238095,Uptown Brunch,21
1385,2506,40.31578947368421,"Born to Rock, Forced to Work",19
1386,3937,46.63636363636363,They Don't Make Them Like They Used To,22
1387,456,26.4,Blue Ride,20
1388,785,12.272727272727273,Casual Sax,22
1389,1729,20.82608695652174,Hours of Ours,23
1390,22730,28.666666666666668,Muted Jazz,24
1391,863,18.272727272727273,Saxual Healing,22
1392,14306,27.729166666666668,Smooth Ride,48
1393,1479,39.63636363636363,'Round Midnight,22
1394,1628,25.6,"Beer, Bars & Beyond",25
1395,54968,34.83783783783784,Country Blend,37
1396,61939,42.5625,Heartland Country,64
1397,1401,29.275862068965516,Country Sunrise,29
1398,1421,36.464285714285715,Countryfied Ride,28
1399,1605,26.5,Grilling & Chilling,20
1400,1360,39.65,Honk for Honky Tonk,20
1401,53,43.6,"Morning Twang, It's a Country Thang",20
1402,0,37.964285714285715,Mud Diggin',28
1403,848,25.333333333333332,Ol' Time Drinking,21
1404,642,27.285714285714285,Southern Breakfast,21
1405,6977,25.6,Walk a Country Mile,20
1406,4,41.05,Honeysuckle Lazy,20
1407,2,31.75,On to Something Good,20
1408,75855,36.74074074074074,Country by the Grace of God,54
1409,3829,29.866666666666667,Hometown Holiday,30
1410,6676,43.27272727272727,Small Town Big Time,22
1411,175389,51.86666666666667,Tailgate Party,60
1412,16472,15.097560975609756,The Chill Side of Bluegrass,41
1413,8793,17.75,A Divine Christmas,24
1414,55035,35.67213114754098,Country Christmas,61
1415,315704,36.76923076923077,Acoustic Blues,52
1416,439268,45.39393939393939,Acoustic Concentration,33
1417,153808,38.25396825396825,All Funked Up,63
1418,9661,17.081632653061224,Back to the Roots,49
1419,13040,25.70967741935484,Backyard Wedding,31
1420,125286,38.0,Big Band,33
1421,17452,20.666666666666668,Beer 'n Burgers,21
1422,53112,23.848484848484848,Big Daddy's Booze & Blues,33
1423,4724,21.926829268292682,Bossa Nova,41
1424,35997,27.05263157894737,Bottoms Up,38
1425,9042,24.807692307692307,Bromance,26
1426,994633,49.390625,Coffee Table Jazz,64
1427,111596,37.44,Gypsy Swing,25
1428,23756,22.44,Evening Groove,25
1429,34991,28.8,Feeling Blue,20
1430,158161,24.404255319148938,From a Smokey Bar ,47
1431,466913,42.4,Funky Heavy Bluesy,35
1432,37309,24.571428571428573,Head Bangers,21
1433,18176,18.65,Highway 61,20
1434,281280,46.12,In The Name Of Blues,25
1435,67569,32.86842105263158,Instrumental Funk,38
1436,67559,32.791666666666664,Jazz for Autumn,24
1437,164567,37.8421052631579,Jazzy Dinner,38
1438,25056,30.857142857142858,Jazz for Two,21
1439,370946,40.725,Jazzy Romance,40
1440,194855,40.025,Jazztronica,40
1441,832,6.111111111111111,King of Pop,27
1442,442727,54.63333333333333,Legendary Guitar Solos,30
1443,26968,31.9,Life's Short; Play Fast,20
1444,62424,33.41463414634146,"Lighten Up, Man!",41
1445,33280,32.80555555555556,Picnic in the Park,36
1446,3185,27.8,Rise of the Underdog,20
1447,62809,38.526315789473685,Christmas Cocktails,38
1448,102228,30.10169491525424,Sax and the City,59
1449,77270,31.15068493150685,Still Got the Blues,73
1450,34375,30.791666666666668,String Theory,24
1451,60,14.38,The Jazz Escape,50
1452,48207,30.285714285714285,Unleash the Fury,21
1453,654,19.29,Workday - Country,181
1454,6197,21.41,Workday - Singer-songwriter,123
1455,390008,48.82857142857143,80's Hard Rock,35
1456,7,42.166666666666664,Tunigo Live,12
1457,12253,83.12,Top Tracks in The United Kingdom,50
1458,3724,75.66,Top Tracks in Denmark,50
1459,11665,81.58,Lista éxitos España,50
1460,3039,72.4,Top Tracks in Finland,50
1461,1062,76.86,Top Tracks in France,50
1462,6844,80.62,Top Tracks in The Netherlands,50
1463,22699,81.04,Top Tracks in Norway,50
1464,15808,78.32,Top Tracks in Sweden,50
1465,8954,82.34,Top Tracks in The United States,50
1466,452,82.18,Top Tracks in Austria,50
1467,439,85.1,Top Tracks in Switzerland,50
1468,1494,83.38,Top Tracks in Belgium,50
1469,14061,79.58,Top Tracks in Germany,50
1470,1917,82.28,Top Tracks in New Zealand,50
1471,4830,82.4,Top Tracks in Australia,50
1472,1683,61.98,Top Tracks in Andorra,50
1473,1682,82.54,Top Tracks in Ireland,50
1474,2108,87.66666666666667,Top Tracks in Luxembourg,12
1475,897,58.94,Top Tracks in Liechtenstein,50
1476,1658,64.36,Top Tracks in Monaco,50
1477,2918,78.36,Top Tracks in Italy,50
1478,1061,84.62,Top Tracks in Poland,50
1479,1428,82.04,Top Tracks in Portugal,50
1480,226,78.54,Top Tracks in Hong Kong,50
1481,299,83.16,Top Tracks in Malaysia,50
1482,677,82.84,Top Tracks in Singapore,50
1483,5763,81.97674418604652,Top Tracks in Estonia,43
1484,498,77.42,Top Tracks in Iceland,50
1485,8022,82.42,Top Tracks in Lithuania,50
1486,5318,80.1,Top Tracks in Latvia,50
1487,4988,80.4,Lista éxitos México,50
1488,41,62.6,Top Picks Toplists,20
1489,46,46.85,Top Picks Pop,20
1490,24,34.9,Top Picks Decades,20
1491,42,40.2,Top Picks Workout,20
1492,31,41.45,Top Picks Mood,20
1493,15,27.85,Top Picks Kids,20
1494,35,17.0,Top Picks Classical,20
1495,28,34.45,Top Picks Pop Culture,20
1496,59,45.8,Top Picks Party,20
1497,41,34.25,Top Picks Chill,20
1498,28,51.0,Top Picks Urban,20
1499,42,38.2,Top Picks Club,20
1500,32,39.0,Top Picks Country,20
1501,25,32.35,Top Picks Events,20
1502,32,37.8,Top Picks Groove,20
1503,39,43.95,Top Picks Rock,20
1504,39,41.57142857142857,Top Picks Romance,21
1505,30,21.55,Top Picks Jazz and Blues,20
1506,34,45.6,Top Picks Travel,20
1507,1060,38.6,Top Picks holiday,20
1508,363601,48.2,Strength of Street Knowledge,50
1509,59243,32.25423728813559,TransAtlantic Lullaby,59
1510,498537,49.583333333333336,PEACE,60
1511,1361843,58.505494505494504,Sleep,91
1512,6296,44.31578947368421,Christmas Peaceful Piano,57
1513,0,39.19718309859155,A Soft Piano Christmas,71
1514,272044,55.19,Piano in the Background,103
1515,473312,75.77083333333333,Hits idag,48
1516,175063,53.67901234567901,Main Stage,81
1517,49227,50.61702127659574,Det blir kaoz!,47
1518,58986,48.14,Feel Good Dinner,104
1519,29308,28.41,Truly Deeply House,109
1520,965909,74.77611940298507,Girls' Night,67
1521,79615,50.72727272727273,Summer House!,77
1522,48050,30.087719298245613,An Elegant Affair,57
1523,87114,31.4625,Soulful Disco,80
1524,179509,50.22,50 Shades of Love,50
1525,161962,36.42,50 Songs Unplugged,50
1526,302816,44.68,50 Great Female Voices,50
1527,127749,33.457142857142856,35 Soul Classics 1970-1975,35
1528,111131,24.29,"12"" Classics",111
1529,101751,42.04255319148936,After-Ski Classics,47
1530,16772,70.53846153846153,After Work,52
1531,246916,47.732142857142854,Autumn Leaves,56
1532,29910,36.19512195121951,Autumn Lounge,82
1533,25375,40.75471698113208,Barefoot at the Beach,53
1534,149283,33.0,Best Tracks from Tarantino Films,45
1535,193039,45.46,"Britpop, etc.",50
1536,904932,55.574074074074076,Broken Heart,54
1537,150924,39.94871794871795,Classical Music for Smart Kids,39
1538,343369,46.714285714285715,Classic Road Trip Songs,56
1539,82440,30.9390243902439,A long Christmas day,82
1540,45910,37.235955056179776,Chill Out Dinner,89
1541,527155,40.65822784810127,Chill Out Music,79
1542,12781,39.86,Creative Day at Work,50
1543,25199,28.107142857142858,Cocktails,56
1544,95997,59.26984126984127,Comfort Zone,63
1545,53724,45.2,Cool Down,55
1546,89991,47.370370370370374,Darker Days,54
1547,453569,56.78,Dinner with Friends,106
1548,60388,38.39393939393939,Downtempo Beats,66
1549,48947,41.26923076923077,Early Grey Morning,52
1550,18073,25.347826086956523,Folk Music At The Gaslight Café,23
1551,122308,41.5609756097561,Focus Now,41
1552,197247,45.7906976744186,Forever Alone,43
1553,29935,46.256410256410255,Halloween Teens,39
1554,156227,47.55952380952381,Hangover Friendly,84
1555,29793,28.794871794871796,Hibernate,39
1556,138193,52.1,In The Arms Of A Woman,50
1557,270741,48.2875,Instrumental Study,80
1558,8694,23.555555555555557,Svensk jazz,63
1559,46343,49.09375,Keep Calm,64
1560,60665,50.15,Kitchen Swagger,60
1561,205346,53.875,Laidback Acoustic,72
1562,655409,45.983050847457626,Late Night Jazz,59
1563,40997,36.72839506172839,Lazy Chill Afternoon,81
1564,1821,53.074074074074076,Ligga?,54
1565,565543,55.84,Life Sucks,50
1566,139186,30.5609756097561,Love In Paris,41
1567,558491,42.77777777777778,Lounge - Soft House,63
1568,7050,30.0,Låtarna i reklamen,346
1569,93571,52.6551724137931,Magic Summer Hits,58
1570,137750,37.758620689655174,Meditate to Sounds of Nature,29
1571,1314080,64.97826086956522,Motivation Mix,46
1572,229369,54.16326530612245,Move On & Don´t Look Back,49
1573,7680,29.867469879518072,Musikpolisen,83
1574,79989,60.32,Music for a Workday,138
1575,15820,68.31,Fest!,135
1576,86961,64.97826086956522,Pepplåtar till träningspasset,46
1577,341660,45.55,Perfect Concentration,40
1578,521371,73.375,Pop Right Now!,56
1579,169472,56.23076923076923,Power Walk,52
1580,224553,34.075,Psychedelic Rock,40
1581,419372,49.766666666666666,Pure Rock & Roll,60
1582,193535,39.189655172413794,Running to Rock 170-190 BPM,58
1583,9307,41.292682926829265,Six string peacefulness,41
1584,204343,41.48275862068966,Smooth Morning,58
1585,57,27.325,80s Sophisti Pop,40
1586,463575,49.7625,Sleep Tight,80
1587,1602216,63.0,Songs to Sing in the Shower,51
1588,196836,47.25316455696203,SPA Treatment,79
1589,199962,54.6,Spooning,60
1590,179610,55.12048192771084,Sunday Stroll,83
1591,20035,25.48,Svenska sommarklassiker,50
1592,9864,26.392156862745097,Svensk punk,51
1593,55838,44.93975903614458,Targeted,83
1594,23259,53.142857142857146,The Bachelor Party!,35
1595,111850,30.485714285714284,The Black Power Mixtape 1967-1975,70
1596,53239,51.63934426229508,The New Waltz,61
1597,638850,61.0,Throwback Party,77
1598,85819,66.8048780487805,Träning,41
1599,30299,34.63235294117647,Ultimate Halloween,68
1600,25549,44.61538461538461,Wa-oh-wa-oh!,26
1601,813169,54.08474576271186,Weekend Hangouts,59
1602,157871,39.46,Workday Lounge,108
1603,137441,53.855670103092784,Workday: Rock Classics,97
1604,908,27.69,Workday – Soul,118
1605,489,27.09,Women of Sweden,100
1606,590054,68.46341463414635,Wake Up Happy,82
1607,4077,13.746031746031745,Kvinnor att ha koll på 2014,63
1608,54694,54.04651162790697,Made in Sweden,43
1609,1331897,77.42857142857143,Happy Hits!,35
1610,54469,48.44,Ord och inga visor,50
1611,2819,31.466666666666665,Morning Melancholia,30
1612,176842,52.48,The PMS Playlist,25
1613,45953,48.37931034482759,A Peaceful Rush Hour,29
1614,0,34.03846153846154,Middag hos mig,52
1615,33397,32.15714285714286,Svensk reggae,70
1616,7287,32.733333333333334,Jag ger dig min morgon,30
1617,17600,42.875,Spela Shoreline!,40
1618,6701,38.72,Schlagerfest,50
1619,114061,36.523809523809526,An Instrumental Sunday,42
1620,434,6.111111111111111,Inside Spotify,63
1621,123148,43.303030303030305,One Hit Wonders: 90's,33
1622,8863,24.789473684210527,38 Great Female Duets,38
1623,26604,33.853658536585364,Best of Boybands and Girl Groups,41
1624,247,20.1875,Jul på svenska,32
1625,1963,41.075,Pride-pepp,40
1626,14275,25.15,Eurovision Party,40
1627,132093,44.725,Beach Party,40
1628,26,36.0,Johnossi,10
1629,67,37.6,Håkan Hellström,10
1630,34,43.2,Rodriguez,10
1631,19,54.7,Of Monsters and Men,10
1632,52,56.8,Alicia Keys,10
1633,12,37.5,Daniel Adams-Ray,10
1634,18,60.4,Kendrick Lamar,10
1635,9,39.2,Disclosure,10
1636,37,52.0,Miguel,10
1637,64165,29.6,Soulful Christmas,50
1638,293876,43.56976744186046,Soul Coffee,86
1639,154911,46.723076923076924,We <3 MJ,65
1640,595111,69.91935483870968,"Young, Wild & Free",62
1641,6157,43.7,Welcome Home,70
1642,703291,48.0,Who Run The World? Girls!,50
1643,5044,41.92307692307692,Genuine R&B,52
1644,58583,43.064516129032256,Happy Birthday,31
1645,35012,21.977777777777778,Kids B-day Party,45
1646,1465,40.57142857142857,Walk The Dog,35
1647,56,48.450980392156865,Tagga För OS,51
1648,8666,34.114285714285714,70s Road Trip,71
1649,13,18.533333333333335,Annorlunda Kärlekslåtar,75
1650,37,33.067567567567565,Fuck Valentine!,74
1651,19,19.763157894736842,Valentine anger,38
1652,32,20.807692307692307,Det är så tråkigt och trist utan dig,26
1653,21,22.73913043478261,Inget är större än KÄRLEKEN,23
1654,258,12.945945945945946,Fars Dag,37
1655,65,8.83,Folk & Rock 200 favoriter,200
1656,2920,21.229508196721312,The Critics Choice 2012,61
1657,170,15.181818181818182,EM Fotboll 2012,33
1658,31,25.88888888888889,Way Out West 2013,18
1659,18,17.066666666666666,Sweden Rock 2013,60
1660,18,18.454545454545453,Metaltown 2013,22
1661,9,25.41025641025641,Hultsfred 2013,39
1662,6,24.90909090909091,Putte i Parken 2013,11
1663,15,24.724137931034484,Getaway Rock 2013,29
1664,11,30.853658536585368,Bråvalla Festival 2013,41
1665,21,23.57777777777778,Peace & Love 2013,45
1666,17,18.52,Sonisphere,851
1667,11,10.0,Gainsville Stockholm 2012,10
1668,13,7.0625,Ystad Sweden Jazzfestival 2012,32
1669,20,20.770491803278688,Storsjöyran 2012,61
1670,35,11.5,Emmaboda 2012,48
1671,27,16.03125,Stockholm Music & Arts 2012,32
1672,21,17.318181818181817,Popaganda 2012,22
1673,31,14.422222222222222,Metaltown 2012,45
1674,12,5.777777777777778,Urkult 2012,18
1675,48,17.986666666666668,Sweden Rock Festival 2012,75
1676,26,16.591397849462364,Hultsfred 2012,93
1677,26,20.481012658227847,Putte i parken 2012,79
1678,29,21.12676056338028,Getaway Rock 2012,71
1679,67,20.69,Peace & Love 2012,159
1680,299,11.634146341463415,Sveriges Nationaldag,41
1681,1560,3.2,Dans runt stången,25
1682,19,9.6875,New year's eve by Icona Pop,16
1683,3700,54.05263157894737,New Year's Dance Floor,38
1684,5051,8.5,Swing in the New Year,20
1685,318,8.785714285714286,Alternative New Year's Eve,28
1686,15410,35.21666666666667,Cinco de Mayo Fiesta,60
1687,951289,72.6,Love Pop,50
1688,1360,31.724137931034484,Electro Hipster Workout,29
1689,178746,44.88636363636363,88 Keys,88
1690,335,20.69047619047619,Raw Expression,42
1691,119423,38.46,Sunshine Reggae,50
1692,94655,34.1,Morning Rhythm,50
1693,86903,29.918367346938776,I Love My Neo Soul,49
1694,19398,24.03076923076923,Afternoon Train Ride,65
1695,44087,31.75,The Midnight Hour,44
1696,0,35.12,Soultronic,50
1697,29658,36.74,Nothing But A Party: R&B!,100
1698,133059,52.333333333333336,Weekend Beats,42
1699,21,12.875,Icona Pops guide till festivalpackningen,24
1700,606,10.366666666666667,Midsommarvärd: Tomas Ledin,30
1701,2,20.666666666666668,Intervju med Seinabo Sey,3
1702,78,17.066666666666666,Intervju med Mando Diao ,15
1703,100,4.294117647058823,Intervju med Agnes,17
1704,61,17.88888888888889,Intervju med Linnea Henriksson,18
1705,65,3.764705882352941,Intervju med Anders Fridén,17
1706,36,0.0,Intervju med Kristian Anttila,18
1707,138,30.125,Intervju med Veronica Maggio,16
1708,225,0.9795918367346939,Hemma Hos Janne&Kjell,49
1709,418,17.958333333333332,Skratt till kaffet,24
1710,23492,37.82608695652174,International Playboy,23
1711,7,36.84,National Blood Week,25
1712,2,58.0,Most Listened To British Dads on Spotify,20
1713,431971,57.44,Viral Hits,25
1714,187836,41.45744680851064,Essential Folk,94
1715,241142,49.96,Women of Pop,123
1716,3,62.28,dw-c,50
1717,3,51.666666666666664,dw_g,30
1718,4,62.9,Top Shower Songs,100
1719,18,70.24,foodora dinner playlist,25
